{"cameraMode":{"drawMode":0,"name":"Shaded","section":"Shading Mode"},"sceneLighting":false,"audioPlay":false,"sceneViewState":{"showFog":true,"showMaterialUpdate":false,"showSkybox":false,"showFlares":true,"showImageEffects":true,"showParticleSystems":true},"in2DMode":false,"pivot":{"x":0.084500253200531,"y":4.9089226722717289,"z":-0.1692218780517578},"rotation":{"x":-0.11538645625114441,"y":0.8638214468955994,"z":-0.2301628589630127,"w":-0.43305161595344546},"size":0.4330126941204071,"orthographic":false}